1,Sharyl,8 Farwell Way,445237
2,Malorie,173 Duke Parkway,319791
3,Lorelle,686 Kensington Circle,229295
4,Tera,94578 Nelson Avenue,207151
5,Ange,81 Hermina Park,382295
6,Zaria,888 Hollow Ridge Street,72044
7,Shay,77739 Kedzie Pass,93027
8,Clementius,112 Westport Junction,217395
9,Marlyn,32 Atwood Pass,224246
10,Wade,1 Coleman Drive,180301
11,Benjie,36748 Sheridan Pass,129989
12,Gayleen,48786 Charing Cross Parkway,417421
13,Julita,8853 Texas Parkway,181209
14,Winnie,2 Northview Lane,353298
15,Edna,880 Merrick Parkway,497259
16,Oralie,483 Surrey Parkway,496700
17,Jaymie,050 Schmedeman Drive,73667
18,Loydie,13 Talmadge Hill,96765
19,Irena,6 Hauk Drive,365650
20,Eleen,283 Mandrake Hill,405643
21,Leonanie,68408 Valley Edge Drive,95016
22,Niel,6 Alpine Way,43295
23,Myca,64877 Starling Hill,299923
24,Mord,3837 Sloan Junction,183186
25,Kynthia,1746 Manley Junction,159581
26,Lanie,39 Badeau Road,255328
27,Nicki,21 Jana Road,106572
28,Collen,32 Dryden Way,19045
29,Ardys,656 1st Lane,230457
30,Nesta,80369 Porter Street,419400
31,Kat,5133 Dunning Road,407936
32,Adrea,056 Dexter Center,153501
33,Randene,8098 Rieder Junction,391433
34,Emmery,5 Anzinger Circle,337971
35,Naomi,875 Twin Pines Junction,171134
36,Margarita,77555 Rowland Park,433797
37,Goober,1 Melody Avenue,454139
38,Pearce,7281 Sheridan Pass,441687
39,Winfield,008 Burning Wood Place,381322
40,Gilberto,34919 Havey Avenue,358948
41,Maddy,11888 Columbus Parkway,402619
42,Traci,39599 Mallard Point,193130
43,Duff,46 Becker Way,89757
44,Artair,14 Gateway Park,309979
45,Carmen,2435 Butternut Junction,267846
46,Tedra,14431 Crowley Point,167645
47,Lyssa,83 Sage Pass,410792
48,Marrilee,215 Alpine Center,170808
49,Dalston,99243 Kropf Trail,463661
50,Mikey,20 Ruskin Street,383297
51,Merle,403 Tomscot Circle,181889
52,Tomkin,9084 Esch Alley,184536
53,Allyson,93 Scoville Place,193132
54,Hestia,7796 Hanover Road,433257
55,Isabeau,3 Corben Place,373794
56,Ogden,173 Waubesa Drive,494348
57,Dixie,164 Thackeray Center,351618
58,Dion,94988 Southridge Terrace,69112
59,Biddy,78639 Green Street,258745
60,Jania,51 Surrey Pass,253051
61,Eve,31472 Erie Circle,362165
62,Tansy,1871 Crownhardt Lane,375350
63,Giusto,6080 Karstens Place,489203
64,Tristan,6254 Evergreen Lane,189517
65,Odette,63617 Mallory Way,270295
66,Maje,50405 Eastwood Parkway,348550
67,Hakim,846 Stuart Place,145237
68,Adara,57 Mariners Cove Trail,415381
69,Doralynne,84582 Esker Trail,48799
70,Cassie,0194 Milwaukee Trail,181525
71,Zedekiah,51518 Gina Road,468173
72,Bailie,17 Calypso Place,196592
73,Fayre,0112 Comanche Court,76296
74,Susanne,53 Upham Terrace,146698
75,Wendall,0 Graceland Avenue,258630
76,Vaclav,65891 Bultman Place,418220
77,Winona,79 Superior Street,395153
78,Robbi,96934 Dwight Center,411423
79,York,05137 Elka Parkway,251132
80,Kinnie,70202 Summit Trail,385290
81,Roley,0 Monterey Park,347075
82,Georgianna,08018 Annamark Pass,412463
83,Brear,210 Mosinee Drive,430752
84,Denni,25796 Summerview Parkway,11100
85,Darline,14 Dakota Alley,241230
86,Dave,8791 Killdeer Crossing,441866
87,Cass,54 Karstens Pass,424448
88,Luz,8894 Fieldstone Hill,154232
89,Hillery,997 Killdeer Point,401156
90,Teador,68 Artisan Lane,386729
91,Truda,98 Hagan Pass,198855
92,Seana,6541 Spenser Plaza,238804
93,Tiebold,7 Commercial Circle,203828
94,Marchall,69196 Independence Crossing,340331
95,Chere,993 Express Avenue,449452
96,Rania,57536 Anthes Avenue,468712
97,Dianna,2377 Corben Plaza,237206
98,Carson,9 Bowman Junction,210794
99,Amelina,2 Wayridge Hill,309860
100,Eran,72821 Utah Street,209701
101,Eb,3 Thierer Alley,256830
102,Amber,169 Hintze Parkway,337000
103,Hector,3 Schurz Trail,487754
104,Clementine,51644 Welch Parkway,152629
105,Flory,260 Division Terrace,282525
106,Garfield,92743 Welch Drive,54677
107,Amalie,0 Randy Plaza,200885
108,Wally,3538 Sycamore Lane,156667
109,Elinor,126 Shasta Court,243158
110,Torrie,0 Esker Lane,427983
111,Jennette,68948 Emmet Avenue,132594
112,Florencia,519 Sutherland Park,378916
113,Jennette,228 Kropf Terrace,273008
114,Lucille,39974 Forest Place,452912
115,Marcella,893 3rd Lane,433543
116,Sumner,724 Hazelcrest Center,275532
117,Kelci,9 Packers Way,84358
118,Alfy,36 6th Center,164755
119,Gisele,9 Thompson Parkway,317712
120,Danice,3 Cascade Circle,190765
121,Lynett,5 Nancy Way,354990
122,Ceil,03 Eagan Park,276545
123,Susi,2210 Hagan Park,481137
124,Bernete,9448 Michigan Pass,29406
125,Bertie,082 Karstens Trail,48274
126,Allard,292 Havey Junction,327286
127,Zea,98266 Butterfield Alley,468623
128,Josephina,9436 Marcy Crossing,441674
129,Bev,0 Sunfield Plaza,77835
130,Barby,3 Chive Court,18568
131,Gerrie,9 Crownhardt Center,248383
132,Cathie,8 Caliangt Avenue,392972
133,Rowena,3 Ridge Oak Street,346065
134,Cathi,6558 Bobwhite Point,42893
135,Rosalynd,2 Orin Center,62684
136,Ichabod,6 Acker Point,47436
137,Imelda,0804 Mcbride Road,210218
138,Matti,1 Reinke Court,484819
139,Wildon,90422 Park Meadow Place,422393
140,Letty,03 Vahlen Parkway,467429
141,Jackqueline,65062 Express Point,220222
142,Ericka,9202 6th Alley,380431
143,Ara,666 Acker Plaza,389800
144,Cathie,6 Warrior Plaza,499490
145,Odetta,0 Parkside Drive,225701
146,Sara,29 Longview Junction,98017
147,Agretha,636 Larry Junction,47864
148,Wylma,0590 Hintze Circle,424299
149,Kenneth,5217 Farragut Crossing,81722
150,Esdras,95 Hintze Center,423624
151,Alli,612 Hoffman Alley,235373
152,Dell,48 Havey Junction,454896
153,Levon,65904 Judy Court,115048
154,Oralia,7822 Thackeray Trail,196154
155,Doralin,99052 Roxbury Pass,109044
156,Margarette,8 Doe Crossing Parkway,399574
157,Britte,32 Barnett Junction,495484
158,Engelbert,5561 Kropf Lane,445713
159,Gary,0760 Hollow Ridge Drive,19659
160,Nerissa,05362 Shopko Way,138169
161,Gottfried,0255 Thierer Way,301816
162,Giralda,68295 Bayside Court,66144
163,Horatio,59021 Melby Parkway,459978
164,Silvanus,25 Sommers Street,61892
165,Burlie,294 Warbler Street,191272
166,Giraud,536 Anderson Drive,228070
167,Irv,1728 Warbler Trail,409256
168,Parker,45724 Knutson Center,478055
169,Gavra,767 Londonderry Place,72389
170,Lianne,4 Monterey Terrace,37768
171,Desiree,43139 Oneill Trail,254495
172,Michaela,3179 Glacier Hill Crossing,184828
173,Albie,43 Independence Junction,296555
174,Chrisy,13 Crescent Oaks Lane,360744
175,Meade,4332 Calypso Court,360495
176,Goldy,29 Bartillon Street,329338
177,Phaedra,6751 Charing Cross Point,311313
178,Cariotta,21859 Vera Drive,354121
179,Monroe,04 Dryden Hill,133699
180,Adelheid,2069 Dovetail Avenue,262025
181,Desiree,1 American Ash Point,457939
182,Federica,2 Tennessee Circle,436988
183,Lidia,6073 Farwell Avenue,275275
184,Clio,1739 Merrick Hill,19975
185,Kania,15431 Mcguire Trail,28039
186,Osgood,8 Oxford Terrace,25898
187,Ruby,974 Lighthouse Bay Junction,156906
188,Nonah,9223 Lotheville Road,493676
189,Imelda,88936 Pleasure Place,107792
190,Swen,84 Service Way,127836
191,Leonora,833 Bartelt Court,96316
192,Dorey,32 Bay Terrace,35434
193,Faythe,4 Buhler Trail,120320
194,Maryann,62158 Burrows Court,393639
195,Dennet,928 Buell Hill,19859
196,Dee dee,295 Maryland Plaza,19381
197,Sheffy,1 Northwestern Alley,317663
198,Georgeta,27011 Hallows Court,281346
199,Stinky,05833 Arrowood Junction,310186
200,Stearne,77 Clyde Gallagher Trail,46210
201,Constancy,3 Porter Way,110784
202,Claudell,3 Anthes Drive,169122
203,Dulsea,821 Loeprich Parkway,266474
204,Friedrich,20 Bonner Place,486101
205,Judi,16 Jenifer Drive,391296
206,Gerald,1748 Killdeer Lane,121350
207,Cletus,6880 Thackeray Park,37448
208,Dotty,38 John Wall Park,396004
209,Abran,65 Springs Road,324381
210,Louisette,10617 Harbort Lane,61663
211,Leda,9 Kingsford Crossing,217496
212,Mureil,9 Welch Place,248616
213,Richy,40177 Tennyson Center,402460
214,Dulcea,78342 Orin Center,467406
215,Mervin,901 Heath Alley,413414
216,Dalston,51991 Dapin Avenue,252365
217,Olivier,83 Kennedy Place,307790
218,Almeria,4 Laurel Circle,494280
219,Amalia,807 Butterfield Avenue,208732
220,Denys,71 Memorial Place,47319
221,Morgan,2 2nd Street,128508
222,Dasi,61954 Wayridge Alley,322637
223,Lindsay,76564 Kensington Circle,437600
224,Marleah,5752 Towne Drive,215936
225,Quintilla,2 Westport Terrace,224059
226,Kori,07 Sunbrook Street,422834
227,Siana,88 Iowa Avenue,84999
228,Marena,858 Bashford Point,335826
229,Theadora,52 Lakewood Gardens Plaza,15249
230,Parry,7270 Myrtle Hill,113304
231,Alyson,31264 East Pass,472114
232,Georgette,3 Calypso Plaza,119413
233,Dwight,30599 Golf Circle,407457
234,Stace,385 Oak Valley Street,308459
235,Jaclin,8 Lawn Court,385062
236,Gregoire,94077 Clemons Street,317717
237,Torrey,86391 Butterfield Junction,238361
238,Joeann,612 Quincy Trail,441042
239,Cob,0 Hermina Court,330497
240,Noelyn,75459 Clyde Gallagher Center,296446
241,Amalea,064 Havey Lane,71992
242,Janis,59463 Kensington Parkway,19691
243,Warner,13608 Helena Alley,375229
244,Doreen,980 Almo Alley,201746
245,Ruggiero,3422 Riverside Court,386578
246,Keven,0445 Stoughton Way,43814
247,Gregoire,16207 Dexter Pass,355229
248,Eduard,48942 Sunbrook Way,43565
249,Jamie,0907 Utah Crossing,287580
250,Melitta,3 Northfield Plaza,108116
251,Ilene,93 Luster Trail,318186
252,Hailey,84 East Hill,305374
253,Stevana,1038 Boyd Crossing,395448
254,Dianemarie,4865 Mitchell Center,303852
255,Glenna,65 Towne Pass,296213
256,Elroy,5327 Westport Plaza,455250
257,Les,4665 Cardinal Street,354385
258,Dayna,60837 Chive Crossing,240892
259,Melvyn,07 Esch Trail,74887
260,Hyacinthia,5828 Fieldstone Avenue,226791
261,Guillemette,754 Pawling Circle,496874
262,Ashlee,81 Carey Avenue,77648
263,Quinlan,5 Shelley Trail,439736
264,Dolf,6 Hanover Point,226543
265,Patricio,813 Sunfield Point,431161
266,Ambur,27 Myrtle Drive,355124
267,Giuseppe,02084 Nancy Point,270811
268,Amberly,98 Tony Street,123956
269,Stanislaus,60 Weeping Birch Center,153099
270,Lovell,488 Nelson Road,336105
271,Winslow,449 Goodland Circle,92410
272,Rosy,10 Division Point,329662
273,Rolph,4683 Colorado Hill,295542
274,Julius,685 Acker Terrace,374923
275,Jordanna,3 Truax Way,463717
276,Delly,1926 Spohn Circle,422528
277,Aldrich,483 Linden Street,11733
278,Rina,5 8th Point,284507
279,Baillie,23909 Park Meadow Court,428792
280,Rick,86 Carpenter Road,426533
281,Mikel,30 Judy Hill,249091
282,Alia,212 Bunker Hill Park,99312
283,Zitella,2677 Chinook Point,372675
284,Marcos,14735 Hanover Circle,455163
285,Heida,686 Chinook Junction,317500
286,Linda,79413 Quincy Street,135942
287,Regina,776 Roth Hill,383614
288,Hillie,621 Laurel Way,326987
289,Fey,74 Graedel Road,151947
290,Raine,584 Melvin Court,301720
291,Giff,70576 Prentice Plaza,410421
292,Angil,649 Carberry Court,392290
293,Clark,5135 Artisan Parkway,352040
294,Boniface,52 Graedel Center,249215
295,Ingmar,93 Huxley Terrace,414927
296,Merl,0 Barby Way,121441
297,Selby,89 Valley Edge Drive,169857
298,Edi,668 Lillian Court,390362
299,Axel,349 Pleasure Road,439120
300,Nessa,819 Leroy Pass,285120
301,Robert,93136 Holmberg Street,494309
302,Nicoli,078 Roxbury Circle,78155
303,Cordelia,27605 Oxford Terrace,351297
304,Iseabal,93532 Chive Hill,333350
305,Abey,98 Morning Crossing,286960
306,Moselle,93 Farwell Center,192949
307,George,16544 Oakridge Trail,69203
308,Arni,34 Elmside Point,139454
309,Danit,7430 Eggendart Court,310620
310,Clair,6158 Northview Parkway,482787
311,Justus,8 Bayside Avenue,17048
312,Reeva,3 Gulseth Center,432462
313,Luce,8800 Logan Lane,368194
314,Ketty,2998 La Follette Junction,487093
315,Erminia,43001 Ryan Pass,448896
316,Tucker,3142 Lerdahl Avenue,118944
317,Carter,071 Tony Park,117597
318,Tessy,3538 Manitowish Plaza,417459
319,Prent,168 Hintze Lane,362225
320,Whittaker,00 Waxwing Hill,24997
321,Seward,60 Stoughton Pass,291963
322,Sigismondo,0 Moulton Lane,274866
323,Fannie,8 Sunfield Court,467682
324,Darnell,142 Autumn Leaf Circle,26429
325,Gracie,7628 Oakridge Plaza,326924
326,Guss,19531 Pierstorff Court,57312
327,Koralle,5 Hovde Point,51734
328,Teddie,28907 Nancy Park,179853
329,Cammy,31075 Vermont Lane,220206
330,Lorraine,45 Loomis Avenue,412209
331,Staford,15052 Brickson Park Place,249555
332,Hedi,97 Northport Alley,342095
333,Olin,62737 Kennedy Pass,373694
334,Burton,1 Crescent Oaks Avenue,256789
335,Curtice,26985 Laurel Place,437551
336,Kipp,68 Di Loreto Hill,370360
337,Field,2 Roth Avenue,59706
338,Karine,53 Lyons Alley,446710
339,Belicia,8528 6th Park,422259
340,Manfred,738 Crest Line Junction,226715
341,Rabi,47 Huxley Terrace,64753
342,Clarisse,6 Clove Way,294436
343,Darin,42012 Oxford Center,188459
344,Jennica,371 Moulton Drive,236931
345,Kelbee,2231 Muir Road,315630
346,Solly,075 Pleasure Hill,100741
347,Julius,43076 Kedzie Plaza,426294
348,Clarinda,1045 Florence Way,476038
349,Richie,055 Armistice Point,38827
350,Gonzalo,21950 Fairview Center,181303
351,Stace,44 Montana Point,281998
352,Arie,8 North Center,21175
353,Allin,50043 Hoepker Lane,281002
354,Tobit,00 Judy Alley,251187
355,Tania,028 Leroy Road,362337
356,Vaughn,15604 Manitowish Court,312915
357,Davy,0986 Bunting Park,87311
358,Kermie,00420 Elmside Pass,115446
359,Ferris,93450 La Follette Court,486393
360,Marlowe,52176 Swallow Street,491543
361,Haily,22 Prairie Rose Street,461985
362,Kirbie,49 Ryan Alley,116418
363,Onida,67836 Talisman Avenue,375097
364,Herta,328 Golf View Avenue,373489
365,Lindsay,307 Veith Parkway,236640
366,Ofilia,26246 Anniversary Alley,156833
367,Marchelle,754 Muir Court,44324
368,Neils,7343 Arkansas Pass,185625
369,Aggie,72369 Cardinal Pass,412622
370,Othella,1648 Jenna Court,327421
371,Murielle,813 Melrose Road,266644
372,Dulci,00029 Prentice Terrace,493794
373,Lin,23950 Lillian Plaza,308189
374,Amy,03637 Heffernan Point,438443
375,Mala,0905 Clove Trail,499637
376,Kamila,7 Springview Road,199530
377,Eolande,957 8th Center,191969
378,Lon,41383 Morrow Court,364904
379,Shela,602 Hollow Ridge Pass,491107
380,Mavis,820 Sullivan Crossing,82782
381,Jacquenette,70 Lindbergh Point,227678
382,Worthington,23182 Pleasure Parkway,244902
383,Crawford,690 Gale Pass,255939
384,Melisandra,197 Express Pass,129495
385,Jesse,102 Elgar Avenue,237690
386,Hermia,4498 Elka Pass,447750
387,Aurelea,49461 Havey Road,365165
388,Celesta,40 Merry Lane,35276
389,Belita,05141 Golf Trail,224420
390,Winona,851 Superior Drive,495922
391,Silvia,89311 Green Court,459159
392,Madella,932 Atwood Lane,196831
393,Angelle,6421 Randy Hill,23629
394,Chanda,9303 East Avenue,102242
395,Graig,03 Doe Crossing Drive,274783
396,Anatol,8 Farmco Road,180982
397,Nye,767 Waubesa Place,76425
398,Janeta,1 Bunting Court,396001
399,Clotilda,8065 Transport Avenue,128665
400,Shandy,84 Rutledge Circle,459569
401,Parnell,15 Anthes Way,103463
402,Meg,4598 Novick Park,219886
403,Rowan,91 Sunbrook Parkway,455031
404,Grove,02 Hagan Hill,327305
405,Edmund,1625 Corben Lane,470079
406,Floyd,3 Talisman Pass,333625
407,Antone,200 Briar Crest Court,181303
408,Erinn,900 Union Circle,86731
409,Karyn,1 Fallview Junction,127262
410,Mame,73924 Northfield Court,297350
411,Chantal,5355 Londonderry Alley,311973
412,Vin,9 Annamark Crossing,271341
413,Madelle,9 Jenifer Street,409599
414,Skyler,93 Sugar Circle,161753
415,Laina,4 Pleasure Parkway,387632
416,Dianna,184 Birchwood Crossing,302500
417,Ralina,02 Express Point,466158
418,Lonee,26828 Gina Street,195185
419,Aggy,16 Bultman Circle,110482
420,Julita,366 Muir Crossing,408723
421,Holmes,83 Manley Plaza,465784
422,Petra,9 Golden Leaf Pass,264058
423,Earle,43 Mallard Way,417402
424,Vidovic,69420 Killdeer Hill,160430
425,Cyril,191 Everett Hill,243601
426,Arlee,388 Old Gate Lane,436570
427,Alfi,2 Cottonwood Place,360153
428,Rodina,219 Anderson Lane,53871
429,Terrence,8392 Forest Lane,92036
430,Pamella,864 Northridge Alley,400246
431,Alane,06 Eliot Pass,48726
432,Hillard,9 Laurel Center,232440
433,Luke,41 Basil Plaza,330875
434,Virge,6736 7th Road,154139
435,Loy,995 Granby Plaza,192432
436,Nil,51 Spaight Plaza,287297
437,Sanders,42979 Melrose Center,288432
438,Shermie,6 Di Loreto Parkway,109750
439,Natividad,5 Butterfield Lane,198556
440,Ave,7871 Heath Lane,68591
441,Florina,58540 Sullivan Junction,235186
442,Patrick,8 Killdeer Court,201914
443,Barrie,30547 Gateway Road,74590
444,Leshia,44 Corscot Alley,279423
445,Terri,17554 Hoffman Parkway,423020
446,Dalli,8 Sommers Road,64753
447,Allyson,66121 Oxford Center,497366
448,Jobey,39 Homewood Circle,499459
449,Codie,59455 Buena Vista Circle,248670
450,Paulie,31948 Brickson Park Circle,390652
451,Curtis,964 Corry Junction,488523
452,Cathleen,616 Veith Junction,249699
453,Gill,70155 Daystar Pass,250184
454,Nicolas,4663 Autumn Leaf Junction,298895
455,Cassi,19 Kingsford Crossing,209558
456,Susann,18088 Vera Point,256555
457,Roarke,91295 Toban Plaza,93589
458,Emalia,92 Shelley Drive,114748
459,Gaby,10236 Larry Point,399909
460,Hermine,25608 Tennessee Terrace,425322
461,Sholom,10 Barnett Trail,407070
462,Sinclare,054 Monterey Court,393747
463,Chryste,842 Hoard Trail,192131
464,Dwayne,18 Grim Center,430265
465,Madelle,730 Thackeray Plaza,434048
466,Urbanus,14233 Russell Circle,87824
467,Edyth,99 Jenna Pass,483269
468,Hatty,03 Manufacturers Plaza,408363
469,Giacopo,0557 Mendota Way,347911
470,Kasper,9 Steensland Parkway,211510
471,Curcio,3821 Westridge Court,231969
472,Alexa,09084 Mccormick Parkway,438983
473,Delmar,5 Chive Park,125773
474,Eleanora,89446 Jenifer Parkway,477880
475,Shadow,8065 Memorial Way,41423
476,Marlowe,102 Logan Place,424423
477,Cacilie,2945 Merrick Parkway,189780
478,Nicholle,43 Clemons Plaza,460928
479,Loy,36568 Gale Drive,75236
480,Dyane,9 Del Mar Pass,165191
481,Lina,80 Twin Pines Drive,60550
482,Land,90 Pankratz Lane,390273
483,Obie,335 Sage Alley,378092
484,Crysta,69046 Heffernan Place,144962
485,Noellyn,575 Meadow Vale Hill,322422
486,Tamma,0376 Anhalt Avenue,42289
487,Merl,588 Talisman Terrace,318058
488,Genovera,4371 International Way,320718
489,Ophelia,365 Roxbury Lane,428765
490,Gaylord,164 Browning Court,99439
491,Johnny,02487 Colorado Lane,79590
492,Fara,874 Summerview Center,461028
493,Marshal,39810 1st Court,369687
494,Liana,615 Glacier Hill Lane,343396
495,Bernadene,655 Dunning Alley,349079
496,Nerita,78 Johnson Way,302879
497,Fayina,93002 Stuart Terrace,97369
498,Gardie,92062 Sycamore Drive,277725
499,Devon,73519 Badeau Court,204448
500,Tuckie,63118 Acker Place,50762
501,Kendrick,3 Kingsford Parkway,171003
502,Brock,69 Red Cloud Crossing,386011
503,Maudie,5 Southridge Terrace,446690
504,Simone,2 Merrick Way,50709
505,Annamarie,8157 Spenser Junction,101298
506,Aldus,0 1st Plaza,30360
507,Adelice,759 Northfield Center,486435
508,Ardenia,998 Birchwood Pass,383856
509,Isidore,58337 West Point,374402
510,Seth,964 Karstens Court,406339
511,Hanson,7 Cordelia Point,212119
512,Bruce,70 Scoville Drive,376911
513,Gawen,9746 Armistice Road,436335
514,Lilah,320 Huxley Alley,378707
515,Fallon,75 Meadow Vale Plaza,369022
516,Moore,6010 Rowland Trail,466935
517,Dagny,55 Anzinger Circle,281042
518,Cam,01 Summit Alley,477727
519,Zarah,772 Pankratz Hill,179869
520,Rosemaria,20774 Derek Trail,462067
521,Olivier,8 Moose Plaza,54597
522,Wake,8 Farmco Circle,134367
523,Ammamaria,287 Coolidge Pass,102398
524,Odette,78 Londonderry Court,148372
525,Brittaney,219 Marquette Street,437135
526,Teddy,56 Namekagon Lane,247548
527,Lamond,1727 Mccormick Circle,258824
528,Berton,48 Graceland Trail,393533
529,Carola,1845 Northfield Center,439368
530,Ailis,19 Lunder Avenue,322469
531,Hunter,3 Farmco Point,368449
532,Irving,44217 Shasta Street,235052
533,Oates,2 Algoma Way,335751
534,Elladine,7898 Washington Avenue,25717
535,Mace,36686 Namekagon Street,487075
536,Maxie,738 Clarendon Park,132871
537,Jo,18 Alpine Crossing,163041
538,Klarrisa,2 Eagan Lane,218717
539,Moss,2222 Drewry Road,475319
540,Randie,6 Miller Avenue,69088
541,Godfry,4 Trailsway Way,280024
542,Odelia,29 South Hill,489257
543,Teddie,55 Darwin Alley,439867
544,Marline,5219 Helena Pass,166837
545,Libbie,45277 Bunting Court,249935
546,Emlen,0 Summer Ridge Way,37364
547,Kirstyn,0 East Court,268568
548,Anselma,5973 Dexter Terrace,35685
549,Hughie,2637 Reindahl Drive,310674
550,Hillery,8 Bay Hill,264094
551,Rania,91096 Meadow Valley Center,62860
552,Demeter,007 Linden Junction,261891
553,Hynda,7 Ridgeway Drive,367280
554,Preston,72 5th Point,209210
555,Foss,929 Declaration Avenue,50090
556,Conny,58 Scofield Avenue,56870
557,Hunt,5230 Arrowood Circle,411497
558,Astrid,2326 Straubel Avenue,317428
559,Alphonso,5035 Prentice Court,69830
560,Lorena,36424 Glacier Hill Parkway,119993
561,Kelli,222 Division Terrace,407295
562,Jacqui,0 School Trail,452944
563,Dulcy,7956 Delaware Street,340712
564,Lock,83 Linden Alley,222610
565,Federico,58 Holmberg Pass,316004
566,Yancy,94139 1st Plaza,108244
567,Valery,72 Northridge Crossing,14507
568,Devonne,972 Mosinee Center,173775
569,Rick,7979 Southridge Road,130964
570,Dorice,253 Glacier Hill Circle,375924
571,Willyt,9 Roth Park,237480
572,Ermentrude,04787 Thompson Road,443956
573,Elbert,48 Bunting Lane,103511
574,Wendy,5 Delaware Way,424081
575,Collete,513 Atwood Park,458991
576,Mano,1 Spohn Park,231425
577,Nani,425 Norway Maple Crossing,411105
578,Aubree,48 Continental Alley,421257
579,Brittany,571 Shoshone Avenue,214948
580,Pavia,11393 Jay Point,21271
581,Desiree,1847 Oakridge Lane,390563
582,Joceline,9890 Dwight Trail,38738
583,Biron,579 Pearson Pass,116021
584,Jessalin,596 Grasskamp Alley,468936
585,Steward,892 Daystar Court,372603
586,Kerry,651 Montana Road,74435
587,Glad,628 Cottonwood Crossing,298132
588,Diego,68957 Lawn Center,402652
589,Bella,711 1st Terrace,185288
590,Francisco,878 Butternut Plaza,103611
591,Reagan,817 Scofield Plaza,215284
592,Charissa,056 Towne Pass,137140
593,Lenore,48805 Welch Avenue,216914
594,Lissa,3 Continental Circle,417890
595,Elissa,9857 Spohn Lane,432497
596,Kariotta,07536 Ridgeview Road,289321
597,Donaugh,992 Kenwood Lane,376416
598,Grata,32 Florence Center,460870
599,Gretel,890 Vera Junction,247817
600,Smith,2406 Shasta Lane,444565
601,Emanuel,75349 Riverside Court,251322
602,Jessy,380 4th Park,239916
603,Alanah,653 Elka Alley,489372
604,Lian,77 Northridge Junction,109936
605,Charlene,8478 Mallory Hill,191050
606,Alisun,149 Karstens Terrace,226150
607,Kyla,53 Lotheville Drive,99679
608,Eadmund,0085 Stoughton Junction,235906
609,Atlanta,112 Lunder Terrace,273780
610,Sabine,8680 Surrey Lane,329418
611,Demetris,584 Gateway Drive,198353
612,Crichton,0149 Summer Ridge Terrace,18065
613,Jakob,63912 Tony Drive,460278
614,Cirillo,7 Havey Crossing,325790
615,Alvinia,95 Glacier Hill Parkway,272822
616,Ethel,38 Wayridge Crossing,302938
617,Charleen,7806 Valley Edge Junction,212075
618,Angelia,6 Killdeer Lane,138896
619,Kimbra,0488 Stone Corner Plaza,259331
620,Nicola,829 Lawn Place,345204
621,Crista,612 Coleman Avenue,440164
622,Ethelbert,2904 Orin Center,287649
623,Felicle,8 Portage Drive,32036
624,Kettie,15 Wayridge Plaza,84967
625,Janos,133 Roxbury Parkway,214607
626,Demetra,5 Grayhawk Lane,180539
627,Torry,80685 Bunting Place,127012
628,Porty,717 Garrison Alley,237701
629,Caralie,70006 Pearson Parkway,257925
630,Angelle,0563 Ronald Regan Place,429363
631,Jan,8 Oxford Road,123505
632,Janina,60 Doe Crossing Hill,141829
633,Lenora,610 Bonner Crossing,208452
634,Marlowe,5 Dottie Way,136178
635,Madlen,01 Bluejay Lane,323116
636,Carry,2 Gulseth Place,47208
637,Cassie,8 Ridgeway Crossing,223647
638,Gladys,3283 Morrow Plaza,150102
639,Ramona,3263 Shelley Street,411280
640,Cloe,46354 Harbort Plaza,166681
641,Romonda,0368 Kipling Junction,89249
642,Jessica,9633 Brickson Park Junction,235728
643,Eimile,8822 Cody Parkway,57868
644,Livia,0519 Steensland Hill,478595
645,Brien,5 Westerfield Circle,490904
646,Elayne,54986 Dovetail Pass,219278
647,Jamesy,8490 Dakota Lane,266893
648,Clementina,1 Karstens Alley,387879
649,Vina,8 Sloan Parkway,464242
650,Karole,92 Ryan Drive,188732
651,Kacy,5340 Cottonwood Drive,464554
652,Barclay,4 Bay Crossing,114579
653,Woodman,563 Judy Circle,52944
654,Keen,09568 Rieder Crossing,466079
655,John,037 Shoshone Plaza,341230
656,Terencio,843 Lawn Road,92832
657,Dina,03273 Trailsway Center,300171
658,King,3983 Mariners Cove Place,150994
659,Milt,79 Homewood Lane,323868
660,Egor,473 Hauk Court,54356
661,Aveline,9 Johnson Drive,477978
662,Rebeka,07 Continental Pass,401805
663,Cody,78 Maple Way,82703
664,Faydra,5172 Spaight Court,27138
665,Cherice,20 Shopko Pass,293812
666,Lombard,95071 Jackson Avenue,415900
667,Tiffie,2 Nevada Drive,429912
668,Mauricio,71 Scott Center,490837
669,Orbadiah,40 International Place,297962
670,Querida,16 Manitowish Court,272573
671,Saw,10165 Waxwing Junction,20497
672,Jack,0 Eastlawn Lane,132890
673,Kaia,766 Meadow Valley Pass,415162
674,Leena,9 Anderson Center,131626
675,Gennie,09368 Karstens Park,183826
676,Willabella,7739 Fremont Center,95087
677,Carmela,8116 Warner Hill,498484
678,Wash,85209 Independence Crossing,29981
679,Toddy,14 Summit Avenue,196635
680,Jolynn,4 Farwell Parkway,454301
681,Staffard,337 Transport Pass,142973
682,Tommy,43 Granby Plaza,340323
683,Maggi,02875 Crowley Road,34448
684,Skipper,94 Service Center,86172
685,Katerine,9729 Rockefeller Lane,376167
686,Sibel,71548 Algoma Alley,460925
687,Joy,4 Prairieview Junction,60380
688,Clara,119 Miller Center,461321
689,Ricoriki,696 Burning Wood Point,363415
690,Alric,20204 Killdeer Court,252722
691,Justina,43664 Alpine Terrace,411065
692,Christie,22 Manitowish Court,463488
693,Keeley,94986 Division Plaza,356321
694,Aleen,4 Butterfield Trail,77524
695,Dosi,2 Buell Court,265801
696,Tallia,22581 Trailsway Road,161115
697,Florella,2284 Namekagon Road,432637
698,Jacenta,909 North Junction,251625
699,Terese,4 Pleasure Plaza,469038
700,Cello,83 Becker Junction,254176
701,Huberto,8 Talmadge Point,398045
702,Cyrus,6 Texas Way,358533
703,Darbie,77 Redwing Pass,241788
704,Ranice,9 Muir Hill,227633
705,Tomkin,84 Hallows Street,102208
706,Schuyler,1445 Crownhardt Point,25720
707,Terrill,8845 Becker Terrace,58412
708,Forrest,30 Mayer Alley,378858
709,Elwyn,52 Mesta Park,159901
710,Carson,5435 Lillian Place,95808
711,Carny,675 Blaine Pass,278138
712,Wendi,54 Blue Bill Park Circle,428187
713,Jasmina,46297 Valley Edge Place,81573
714,Wake,4890 Columbus Way,279518
715,Prince,70 Ridge Oak Center,308465
716,Harley,065 Comanche Park,393536
717,Nadia,74506 Blaine Center,411766
718,Waverly,324 Park Meadow Park,308218
719,Reed,61 Corry Parkway,462273
720,Cynde,17483 Del Mar Road,118094
721,Archy,2500 Kinsman Hill,451129
722,Cherin,274 Leroy Crossing,122594
723,Nefen,6518 Bluestem Trail,460163
724,Chariot,178 Crest Line Pass,189937
725,Marleah,964 Tennyson Pass,166490
726,Titus,9 Roxbury Road,425840
727,Merralee,7 Grim Hill,67765
728,Torrence,7958 Lindbergh Trail,309362
729,Bonnibelle,6194 Dakota Park,11909
730,Avivah,68537 Division Drive,434518
731,Durward,395 Mcbride Road,138272
732,Idelle,088 Veith Court,243231
733,Octavius,5 Butterfield Center,299614
734,Byrann,9579 Pierstorff Lane,203457
735,Ferdinande,72 Lakewood Pass,66888
736,Corbie,1 Derek Junction,293893
737,Radcliffe,8 Ludington Way,122072
738,Townie,1 Center Court,211470
739,Hyacinth,6 Gateway Hill,430568
740,Terrel,1662 Banding Road,65451
741,Tybie,6 Harper Center,349313
742,Cymbre,39 Vahlen Alley,51943
743,Chloette,1247 Eastlawn Parkway,51742
744,Brenna,67387 Superior Pass,58687
745,Gillie,15 Judy Terrace,433621
746,Penelopa,3684 Mayfield Place,226716
747,Cecily,24 Maple Wood Circle,164143
748,Zane,583 Declaration Terrace,81942
749,Donalt,9 Morrow Crossing,131339
750,Austin,929 Bluestem Parkway,417787
751,Marcella,890 Sachtjen Parkway,96575
752,Kane,0 Blaine Center,112951
753,Edithe,256 Armistice Trail,223053
754,Loralee,87791 Crownhardt Crossing,155419
755,Joella,57 Farwell Lane,371133
756,Rouvin,10 Prentice Road,242772
757,Vern,966 Summer Ridge Way,155045
758,Foss,5806 Beilfuss Hill,315780
759,Alfie,8 Bonner Parkway,431347
760,Yoko,45917 Roth Lane,133580
761,Lian,891 Corscot Terrace,247139
762,Jaynell,3 Sunfield Hill,484212
763,Caro,1 Heffernan Road,125116
764,Calli,17 Montana Park,429402
765,Hugo,7 Springs Trail,466674
766,Coralie,33769 Lawn Junction,104795
767,Gerladina,68 Bonner Drive,459917
768,Boote,030 Glendale Park,488478
769,Barnebas,5 Mariners Cove Pass,316745
770,Gerty,9746 Havey Crossing,216377
771,Toby,577 Heffernan Way,182582
772,Reilly,912 Bluejay Way,332662
773,Jolynn,6 Anhalt Plaza,309031
774,Klement,73100 Vermont Pass,469061
775,Geneva,3 Superior Point,475379
776,Lonni,6 Pine View Trail,489987
777,Dione,6 Rutledge Point,490618
778,Eugene,57443 Hauk Terrace,458026
779,Arne,730 Twin Pines Alley,492439
780,Linnie,4 Reindahl Drive,420263
781,Dickie,862 Karstens Circle,303919
782,Vanya,78 Cottonwood Place,482435
783,Giselbert,932 Browning Center,468085
784,Roy,6545 Grover Avenue,371286
785,Chariot,98337 Redwing Alley,227305
786,Mariya,77 Hooker Way,74663
787,Christabel,8 Surrey Alley,485780
788,Alair,28175 Summer Ridge Plaza,442301
789,Alexandra,4 Hoffman Pass,114636
790,Donnie,1 Atwood Center,281657
791,Anica,62 Washington Drive,83385
792,Lilas,4708 Muir Point,387031
793,Hyacinthie,004 Gale Pass,107751
794,Moshe,09917 Goodland Crossing,406780
795,Connie,2620 Derek Terrace,171802
796,Karisa,61 Hazelcrest Point,382884
797,Sterling,8 Eggendart Drive,301462
798,Gualterio,846 Kim Point,192800
799,Adelheid,2279 Aberg Crossing,16810
800,Merilyn,77 Bellgrove Junction,191978
801,Velvet,0514 Mifflin Avenue,235742
802,Hestia,5247 Porter Hill,201271
803,Averyl,55748 Fuller Crossing,489776
804,Evvy,7 Sloan Trail,389673
805,Tonnie,2 Pennsylvania Drive,209805
806,Angelique,0637 Arkansas Drive,68863
807,Adelle,5356 Saint Paul Park,406072
808,Donni,1 Dawn Place,105375
809,Blanche,5344 School Trail,338299
810,Brewer,1 Cardinal Road,164245
811,Virgie,41 Delaware Pass,499598
812,Amabelle,103 Hovde Crossing,290897
813,Arlana,1 Dovetail Center,36455
814,Clarissa,730 Dakota Junction,11489
815,Flora,80 Straubel Plaza,363104
816,Clerc,1 Hoard Road,109293
817,Rikki,3 Donald Junction,264117
818,Kelli,13 West Junction,243383
819,Lonee,61290 Fairview Place,92322
820,Belita,16333 Kings Circle,447529
821,Dido,21 Brown Place,444822
822,Natale,84281 Prairieview Street,436005
823,Lelia,3266 Red Cloud Alley,396232
824,Kenyon,560 Village Road,209475
825,Jerad,72932 Nelson Point,286030
826,Jeniece,6214 Florence Place,403770
827,Oralia,22 Katie Street,420128
828,Karita,5 Golf Course Point,332044
829,Norbie,3397 Redwing Road,211592
830,Christian,32 Steensland Lane,87998
831,Pauline,81 Packers Pass,186068
832,Siouxie,12 3rd Drive,121823
833,Ebony,691 Golf Center,151166
834,Essie,34 Barby Hill,148343
835,Bibbie,505 Roxbury Lane,301613
836,Lisetta,2642 Meadow Valley Center,270006
837,Astrix,3 Boyd Park,358433
838,Pattie,763 Schurz Road,490082
839,Lydie,52584 Arapahoe Avenue,457172
840,Nicky,88 Old Gate Park,268624
841,Jobina,53 Mcguire Road,289073
842,Christine,83922 Morrow Street,183308
843,Alasteir,6331 Scofield Place,123743
844,Jilleen,5086 Lillian Plaza,84711
845,Isaiah,541 Browning Lane,404790
846,Fee,02803 Meadow Valley Street,384823
847,Rosalie,526 Starling Circle,496874
848,Moritz,91141 Porter Lane,168049
849,Mehetabel,16188 Hudson Hill,115084
850,Papageno,37 Merrick Place,151512
851,Antonin,3049 Forest Run Lane,216514
852,Shelley,1 East Park,110964
853,Hally,69388 Esker Drive,318939
854,Ben,6 Spenser Road,122195
855,Melitta,806 Lukken Circle,48862
856,Curry,96469 Duke Point,99688
857,Nicolais,928 Golf View Way,94872
858,Claire,2822 High Crossing Drive,343957
859,Ashien,234 Golf Park,370376
860,Eugenius,211 Merrick Road,376340
861,Rasla,530 Rutledge Pass,76235
862,Tammara,2187 Old Gate Pass,361671
863,Karol,03 Cambridge Crossing,474763
864,Freddy,53190 Lyons Parkway,173779
865,Grover,4549 Old Shore Circle,452155
866,Eugenia,16136 Jenifer Point,202990
867,Judd,33 Calypso Point,285353
868,Jere,483 Little Fleur Place,96904
869,Quintina,88936 Grover Junction,313429
870,Janean,5115 Farwell Way,109384
871,Danila,8569 Lakewood Gardens Lane,27084
872,Meade,09 Miller Plaza,68495
873,Marika,46750 Ludington Street,138619
874,Bunni,40 Fremont Point,499142
875,Hendrick,905 Katie Road,353927
876,Dallon,87156 Susan Point,224358
877,Hatty,84664 Bartelt Center,494278
878,Barnett,54821 Corscot Court,336348
879,Ceil,60744 Hayes Crossing,401927
880,Jonathon,489 Tennessee Court,191806
881,Emmet,055 Fuller Lane,23965
882,Brander,36602 Dakota Parkway,209354
883,Lorelei,894 Commercial Park,378244
884,Sergio,0 Ridgeview Center,476835
885,Genna,3664 Lakeland Place,64892
886,Betteann,2468 Merrick Terrace,242893
887,Bari,6 Scofield Junction,101813
888,Wilmette,4887 John Wall Court,449653
889,Travis,54 Mosinee Center,415782
890,Laney,27495 Corscot Circle,427970
891,Kikelia,88951 Hallows Junction,272081
892,Frederick,2 Kenwood Place,192674
893,Langston,87873 Miller Terrace,263352
894,Nicholle,8 Luster Street,54488
895,Yorgo,003 7th Court,56613
896,Celisse,900 Mccormick Pass,347943
897,Charita,50 Burning Wood Hill,360353
898,Stanly,02 Vahlen Court,437584
899,Janine,21968 La Follette Parkway,83268
900,Ashlan,22083 Glacier Hill Drive,404731
901,Kendre,895 Randy Alley,246514
902,Morse,70219 Dixon Circle,22714
903,Des,1681 Northview Road,249494
904,Valida,84678 Chinook Drive,98288
905,Koo,20 Magdeline Parkway,312326
906,Dacie,6 Eastlawn Avenue,335017
907,Jamal,54727 Myrtle Avenue,29876
908,Catina,815 Sullivan Point,427036
909,Jackie,6 Red Cloud Avenue,376469
910,Cross,7143 Warbler Terrace,84841
911,Patrice,08 Twin Pines Lane,121535
912,Kippy,2590 Burning Wood Place,104699
913,Cameron,6 Ronald Regan Way,135710
914,Taryn,74 Emmet Circle,91486
915,Gale,70 Bayside Place,103745
916,Morlee,3789 Mendota Point,396638
917,Reid,9709 International Lane,45265
918,Zoe,9683 Gale Pass,319518
919,Pearline,6171 Mccormick Place,265727
920,Annmaria,8915 Glendale Avenue,327350
921,Charmane,69282 Westport Court,426944
922,Cammi,8 Gulseth Court,224675
923,Joaquin,9013 Utah Road,201879
924,Haley,1 Golf View Terrace,333471
925,Clerissa,9407 Warrior Parkway,491983
926,Jackquelin,0 Badeau Pass,334722
927,Elroy,3 Walton Crossing,220536
928,Karlis,52 Londonderry Road,240749
929,Jeremias,3 Delladonna Avenue,425509
930,Annette,1234 Boyd Pass,52268
931,Freedman,57439 Petterle Avenue,203762
932,Loella,459 Graedel Center,123598
933,Michal,68 Shoshone Junction,328042
934,Matias,220 Colorado Place,46595
935,Ingeborg,9 Ohio Terrace,456692
936,Rhodia,6 Hermina Terrace,38798
937,Dodi,21 Jana Parkway,136700
938,Alberta,83 Colorado Park,176837
939,Georgetta,40074 Onsgard Road,54070
940,Minetta,932 Kinsman Crossing,270668
941,Gratiana,542 Bowman Avenue,243904
942,Teressa,78 Warbler Drive,241485
943,Brenn,89006 Moose Park,217039
944,Cyb,35346 Continental Avenue,145053
945,Olympia,14770 Fisk Hill,92259
946,Ilysa,2518 Porter Center,62749
947,June,5 Forest Dale Parkway,24031
948,Ileana,6 Michigan Lane,146390
949,Jane,07468 Ruskin Parkway,327224
950,Uri,8909 Red Cloud Place,28587
951,Eduino,2563 Pleasure Street,256516
952,Janene,4154 Vernon Plaza,178631
953,Candy,56 Scofield Avenue,445759
954,Vicky,305 Milwaukee Drive,381177
955,Geoff,09395 Rockefeller Court,158330
956,Aila,494 Bashford Drive,223765
957,Ashby,890 Fordem Point,93831
958,Ashia,53 Moose Hill,319843
959,Brett,7126 Fallview Way,297341
960,Blinnie,346 Forster Terrace,324596
961,Karisa,7676 Longview Plaza,229980
962,Nestor,960 Huxley Parkway,137630
963,Phillie,49604 Vidon Circle,450900
964,Josi,9 Stone Corner Junction,477675
965,Danice,32 Stoughton Avenue,397409
966,Pammi,9 Elmside Crossing,156056
967,Weston,50 Ryan Plaza,365402
968,Beltran,079 Corry Way,327552
969,Alastair,0 Novick Hill,70741
970,Robert,25118 Milwaukee Road,447316
971,Dona,7 Eagle Crest Parkway,46575
972,Garth,13 Sugar Place,272127
973,Valencia,7 Sage Point,45491
974,Auria,83296 Mendota Place,411553
975,Diahann,9465 Atwood Terrace,124615
976,Leeanne,0686 Jana Circle,437558
977,Sofia,4 Pearson Circle,491930
978,Dante,910 Northland Hill,198162
979,Gradey,2 Continental Parkway,445982
980,Pennie,365 Fisk Hill,145196
981,Lyndell,71 Bellgrove Circle,111566
982,Cordy,2112 Brickson Park Alley,28629
983,Analiese,13 Reindahl Place,86550
984,Waldemar,572 Starling Junction,106697
985,Jarrett,39411 Onsgard Center,468210
986,Rafaello,1 West Lane,376006
987,Elga,3649 Rutledge Road,218184
988,Rowland,8 Haas Court,486429
989,Bab,817 Mallory Drive,442630
990,Darcy,53 Vernon Park,65891
991,Letti,779 Carioca Hill,423912
992,Dolly,444 Melby Drive,176572
993,Sisile,1 Waxwing Pass,180958
994,Harlen,91 Stang Point,418048
995,Manon,07719 Mayer Pass,120643
996,Devondra,3 Straubel Circle,331470
997,Elladine,82 Packers Hill,356370
998,Rad,31618 Mesta Avenue,348921
999,Dorise,8326 Judy Street,25524
1000,Zsa zsa,302 Namekagon Trail,194632
